Date,Time,Heart Rate,SpO2,Body Temperature,Room Temperature,Humidity,Gas/Smoke,Motion,Fall Detection,SOS
2026-09-04,22:09:32,ERROR,ERROR,ERROR,ERROR,ERROR,ERROR,ERROR,ERROR,ERROR
2026-09-04,22:10:37,ERROR,ERROR,ERROR,ERROR,ERROR,ERROR,ERROR,ERROR,ERROR
2026-09-04,22:11:41,ERROR,ERROR,ERROR,ERROR,ERROR,ERROR,ERROR,ERROR,ERROR
2026-09-04,22:12:45,ERROR,ERROR,ERROR,ERROR,ERROR,ERROR,ERROR,ERROR,ERROR
2026-09-04,22:13:50,ERROR,ERROR,ERROR,ERROR,ERROR,ERROR,ERROR,ERROR,ERROR
2026-09-04,22:14:54,ERROR,ERROR,ERROR,ERROR,ERROR,ERROR,ERROR,ERROR,ERROR
2026-09-04,22:15:58,ERROR,ERROR,ERROR,ERROR,ERROR,ERROR,ERROR,ERROR,ERROR
2026-09-04,22:16:44,147.06,98.51,33.03,33.3,64.8,1,1,0,0,NORMAL
2026-09-04,22:17:02,ERROR,ERROR,ERROR,ERROR,ERROR,ERROR,ERROR,ERROR,ERROR
2026-09-04,22:17:49,147.06,98.51,33.47,33.1,64.9,1,1,0,0,NORMAL
2026-09-04,22:18:06,ERROR,ERROR,ERROR,ERROR,ERROR,ERROR,ERROR,ERROR,ERROR
2026-09-04,22:18:54,147.06,98.51,33.47,33.3,64.3,1,1,0,0,NORMAL
2026-09-04,22:19:11,ERROR,ERROR,ERROR,ERROR,ERROR,ERROR,ERROR,ERROR,ERROR
2026-09-04,22:20:15,ERROR,ERROR,ERROR,ERROR,ERROR,ERROR,ERROR,ERROR,ERROR
2026-09-13,09:54:34,ERROR,ERROR,ERROR,ERROR,ERROR,ERROR,ERROR,ERROR,ERROR,ERROR
2026-09-13,09:55:40,ERROR,ERROR,ERROR,ERROR,ERROR,ERROR,ERROR,ERROR,ERROR,ERROR
2026-09-13,09:56:49,147.06,90.11,30,31.5,67.3,1,1,0,0,NORMAL
2026-09-13,09:58:07,147.06,90.11,30,31.5,67.2,1,1,0,0,NORMAL
2026-09-13,09:59:16,147.06,93.53,30,31.5,67.2,1,1,0,0,NORMAL
2026-09-13,10:00:24,147.06,94.52,30,31.6,67.1,1,1,0,0,NORMAL
2026-09-13,10:01:39,ERROR,94.52,30,31.7,66.8,1,1,0,0,NORMAL
2026-09-13,10:02:53,147.06,94.52,30,31.7,66.7,1,1,0,0,NORMAL
2026-09-13,10:04:02,147.06,94.52,30,31.7,66.7,1,1,0,0,NORMAL
2026-09-13,10:05:14,147.06,94.52,30,31.7,66.7,1,1,0,0,NORMAL
2026-09-13,10:06:26,147.06,94.52,30,31.7,66.7,1,1,ERROR,0,NORMAL
2026-09-13,10:07:57,147.06,94.52,30,31.7,66.7,1,1,0,0,NORMAL
2026-09-13,10:09:22,147.06,94.52,30,31.7,66.7,1,1,0,0,NORMAL
2026-09-13,10:11:07,ERROR,ERROR,30,31.7,66.7,1,1,0,0,NORMAL
2026-09-13,10:12:21,147.06,94.52,30,31.7,66.7,1,1,0,0,NORMAL
2026-09-13,10:13:43,147.06,94.52,30,31.7,66.7,1,1,0,0,NORMAL
2026-09-13,10:18:36,147.06,94.52,30,31.7,66.7,1,1,0,0,NORMAL
2026-09-13,10:19:58,147.06,94.52,30,31.7,66.7,1,1,0,0,NORMAL
2026-09-13,10:21:20,147.06,94.52,30,31.7,66.7,1,1,0,0,NORMAL
2026-09-13,10:23:25,ERROR,94.52,30,31.7,66.7,1,1,0,0,NORMAL
2026-09-13,10:24:40,147.06,94.52,30,31.7,66.7,1,1,0,0,NORMAL
2026-09-13,10:26:01,147.06,94.52,30,31.7,66.7,1,1,0,0,NORMAL
2026-09-13,10:27:26,147.06,94.52,30,31.7,66.7,1,1,0,0,NORMAL
2026-09-13,10:28:48,147.06,94.52,30,31.7,66.7,1,1,0,0,NORMAL
2026-09-13,10:31:44,147.06,94.52,30,31.7,66.7,1,1,0,0,NORMAL
2026-09-13,10:33:05,147.06,94.52,30,31.7,66.7,1,1,0,0,NORMAL
2026-09-13,10:34:27,147.06,94.52,30,28.1,56,1,1,0,0,NORMAL
2026-09-13,10:48:17,147.06,94.52,30,28.1,56.2,1,1,0,0,NORMAL
2026-09-13,10:49:38,147.06,94.52,30,28.2,55.3,1,1,0,0,NORMAL
2026-09-13,10:50:52,147.06,94.52,30,28.2,55.1,1,1,0,0,NORMAL
2026-09-13,10:52:04,147.06,94.52,30,28.2,55.1,1,1,0,0,NORMAL
2026-09-13,10:53:16,147.06,94.52,30,28.2,55.1,1,1,0,0,NORMAL
2026-09-13,10:54:31,147.06,94.52,30,28.2,55.1,1,1,0,0,NORMAL
2026-09-13,10:55:45,147.06,94.52,30,28.2,55.1,1,1,0,0,NORMAL
2026-09-13,10:56:58,147.06,94.52,30,28.2,55.1,1,1,0,0,NORMAL
2026-09-13,12:08:33,147.06,94.52,30,27.8,53.7,1,1,0,0,NORMAL
2026-09-13,12:09:48,147.06,94.52,30,28.2,53.9,1,1,0,0,NORMAL
2026-09-13,12:10:57,147.06,94.52,30,28.2,50,1,1,0,0,NORMAL
2026-09-13,12:12:09,147.06,94.52,30,27.8,48.9,1,1,0,0,NORMAL
2026-09-13,12:13:22,147.06,94.52,30,27.6,49.4,ERROR,1,0,0,NORMAL
2026-09-13,12:21:01,147.06,94.52,30,26.7,50.1,1,1,0,0,NORMAL
2026-09-13,12:22:15,147.06,98.17,30,26.3,50.5,1,1,0,0,NORMAL
2026-09-13,12:23:29,147.06,97.9,30,26,51.1,1,1,0,0,NORMAL
2026-09-13,12:24:40,147.06,98.1,30,25.9,51.2,1,1,0,0,NORMAL
2026-09-13,12:25:54,147.06,98.1,30,25.6,51.2,1,1,0,0,NORMAL
2026-09-13,12:27:07,147.06,98.1,30,25.3,51.7,1,1,0,0,NORMAL
2026-09-13,12:28:20,147.06,98.1,30,25,52,1,1,0,0,NORMAL
2026-09-13,12:29:33,147.06,98.1,30,25,52,1,1,0,0,NORMAL
2026-09-13,12:30:47,147.06,98.1,30,24.9,52,1,1,0,0,NORMAL
2026-09-13,12:32:02,147.06,98.1,30,24.9,52,1,1,0,0,NORMAL
2026-09-13,15:13:25,ERROR,ERROR,ERROR,ERROR,ERROR,ERROR,ERROR,ERROR,ERROR,ERROR
2026-09-13,15:14:32,ERROR,ERROR,ERROR,ERROR,ERROR,ERROR,ERROR,ERROR,ERROR,ERROR
2026-09-13,15:15:37,ERROR,ERROR,ERROR,ERROR,ERROR,ERROR,ERROR,ERROR,ERROR,ERROR
2026-09-13,15:16:38,147.06,98.1,30,33.1,56.9,1,1,0,0,NORMAL
2026-09-13,15:17:49,147.06,98.1,30,33.2,56.5,1,1,0,0,NORMAL
2026-09-13,15:19:38,147.06,98.1,30,33.1,56.4,1,1,0,0,NORMAL
2026-09-13,15:20:51,147.06,98.1,30,33.2,56.5,1,1,0,0,NORMAL
2026-09-13,15:22:05,147.06,98.1,30,33.3,55.6,1,0,0,0,NORMAL
2026-09-13,15:27:40,147.06,98.1,30,33.4,56,1,1,0,0,NORMAL
2026-09-13,15:28:51,147.06,98.1,30,33.4,56.3,1,1,0,0,NORMAL
2026-09-13,15:30:05,147.06,98.1,30,33.3,56.6,1,1,0,1,SOS EMERGENCY
2026-09-13,15:31:20,147.06,98.1,30,33.3,56.7,1,1,0,0,NORMAL
2026-09-13,15:32:31,147.06,98.1,30,33.3,56.9,1,1,0,0,NORMAL
2026-09-13,15:33:46,147.06,98.1,30,33.3,57.2,1,1,0,0,NORMAL
